{
  "checkpoint": "200",
  "experiment_dir": "/root/rivermind-data/deepsdf_setup/official_ttt_ckpt100_queue/experiments/airplane_code256_e100",
  "eval_subdir": "Evaluation",
  "eval_ttt_subdir": "EvaluationTTT",
  "metrics": {
    "test_mean": 0.04375599895546768,
    "test_opt": 0.006550494179623855,
    "test_ttt_adapter": 0.005523597488686312,
    "test_ttt_lora": 0.0036003994127416887,
    "test_ttt_lora_fa": 0.004430007679171436
  },
  "test_mean": 0.04375599895546768,
  "test_opt": 0.006550494179623855,
  "test_ttt_adapter": 0.005523597488686312,
  "test_ttt_lora": 0.0036003994127416887,
  "test_ttt_lora_fa": 0.004430007679171436,
  "best_ttt_method": "test_ttt_lora",
  "best_ttt_value": 0.0036003994127416887
}